1; radu@mail.com; radupassword
2; mula@mail.com; mulapassword
3; gigi@mail.com; gigipassword
4; a@mail.com; apass
5; b@mail.com; bpass
6; c@mail.com; cpass
7; d@mail.com; dpass
8; e@mail.com; 2pass
9; f; fpass
10; g@mail.com; gpass
11; h@mail.com; hpass
12; i@mail.com; ipass
13; j@mail.com; jpass
14; k@mail.com; kpass
15; l@mail.com; lpass
16; m@mail.com; Mpass
17; n@mail.com; npass
18; a@mail.com; apass
19; radu@mail.com; radupass
20; test@mail.com; testpass
21; gigi@mail.com; gigipass
22; fds@mail.com; dsadas
23; dsaas; dasad
24; ionel@mail.com; ionelpass
25; cucu@mail.com; cucupass
26; bau@mail.com; baupass
27; lola@mail.com; lolapass
28; john@mail.com; johnpass
29; maricica@mail.com; maricicapass
30; violeta@mail.com; viopass
31; nana@mail.com; nanapass
32; ; 
33; monica@mail.com; monipass
34; mirel@mail.com; mirelpass
35; sandel@mail.com; sandelpass
36; ema@mail.com; ema
37; mitica@mail.com; miticapass
38; marcel@mail.com; marcelpass
39; opa@mail.com; opapass
40; love@mail.com; lovepass
41; nicu@mail.com; nicupass
42; maria@mail.com; mariapass
43; luci@mail.com; lucipass
44; ioana@mail.com; ioanapass
45; bambi@mail.com; bambipass
46; motanel@mail.com; motanelpass
47; ionica@mail.com; ionicapass
48; vlad@mail.com; vladpass
49; fanel@mail.com; fanelpass
50; ion@mail.com; ionpass
51; noel@mail.com; noelpass
52; adela@mail.com; adelapass
53; dama@mail.com; damapass
54; marcela@mail.com; marcelapass
55; ala@mail.com; alapass
